FID,id,type,class,lon,lat
1115,16042.0000000,6,3,122.216456541000000,41.354991251400001
1139,16066.0000000,6,3,121.245644455000000,41.790046495200002
1140,16067.0000000,6,3,121.250965957999990,41.773533747800002
1141,16068.0000000,6,3,121.278431778000000,41.795293842200003
1142,16069.0000000,6,3,121.335423355000000,41.779806532499997
1143,16070.0000000,6,3,121.331131821000000,41.798237287799999
1144,16071.0000000,6,3,121.314309006000000,41.815895122400001
1145,16072.0000000,6,3,121.340916519000000,41.815511308200001
1146,16073.0000000,6,3,121.339543228000000,41.784030715299998
1147,16074.0000000,6,3,121.344006424000000,41.754583652599997
1148,16075.0000000,6,3,121.356881027000000,41.739214602099999
1149,16076.0000000,6,3,121.227791672000000,41.765595875599999
1150,16077.0000000,6,3,121.215947037000010,41.733194054599998
1151,16078.0000000,6,3,121.173031692000000,41.737549400699997
1152,16079.0000000,6,3,121.168568497000000,41.802332291500001
1153,16080.0000000,6,3,121.207707291000010,41.785950706400001
1154,16081.0000000,6,3,121.222298507999990,41.726404249500000
1155,16082.0000000,6,3,121.344349747000000,41.843523701199999
1156,16083.0000000,6,3,121.332161789000000,41.849917505999997
1157,16084.0000000,6,3,121.319115524000000,41.870884700100000
1158,16085.0000000,6,3,121.064370041000000,41.851707656800002
1159,16086.0000000,6,3,121.097500686999990,41.872802088100002
1160,16087.0000000,6,3,121.123764877000000,41.857844936399999
1161,16088.0000000,6,3,121.143677597000010,41.827280564600002
1162,16089.0000000,6,3,121.124108199999990,41.817814159000001
1163,16090.0000000,6,3,121.196549301000000,41.851579790499997
1164,16091.0000000,6,3,121.202900772000010,41.837896624499997
1165,16092.0000000,6,3,121.156037216000000,41.867561091299997
1166,16093.0000000,6,3,121.070721512000010,41.889672622399999
1167,16094.0000000,6,3,121.186249618000010,41.899000626300001
1168,16095.0000000,6,3,121.193287735000000,41.908199514899998
1169,16096.0000000,6,3,121.203759078999990,41.866282734199999
1170,16097.0000000,6,3,120.997593765000000,41.895295144000002
1171,16098.0000000,6,3,121.054928665000010,41.882388165400002
1172,16099.0000000,6,3,121.078446274000000,41.922378538099998
1173,16100.0000000,6,3,120.966866379000000,41.880854489599997
1174,16101.0000000,6,3,120.780442123000000,41.883027186100001
1175,16102.0000000,6,3,120.784047012000000,41.913564921199999
1176,16103.0000000,6,3,120.932534102999990,41.888394707600000
1177,16104.0000000,6,3,120.890820389000000,41.856182814599997
1178,16105.0000000,6,3,120.908844833000000,41.837001362199999
1179,16106.0000000,6,3,120.846703414999990,41.830862082800003
1180,16107.0000000,6,3,120.822155838000000,41.839942891500002
1181,16108.0000000,6,3,120.801041489000000,41.895806257799997
1182,16109.0000000,6,3,120.748684768999990,41.911648756399998
1183,16110.0000000,6,3,120.678990250000000,41.827792222299998
1184,16111.0000000,6,3,120.703709488000000,41.821779985699997
1185,16112.0000000,6,3,120.588353043000000,41.799517004499997
1186,16113.0000000,6,3,120.568955307000000,41.781854655899998
1187,16114.0000000,6,3,120.458748703000000,41.991440214400001
1188,16115.0000000,6,3,120.492222670999990,41.982891350000003
1189,16116.0000000,6,3,120.541489487000010,41.953025116600003
1190,16117.0000000,6,3,120.590584640000000,41.982508538200001
1191,16118.0000000,6,3,120.440552597000010,41.996671042800003
1192,16119.0000000,6,3,120.412571793000000,41.999987930700001
1193,16120.0000000,6,3,120.403645401000010,42.011213037799997
1194,16121.0000000,6,3,120.473511581000000,42.010192655399997
1195,16122.0000000,6,3,120.414116745000000,41.951365470900001
1196,16123.0000000,6,3,120.297387009000000,41.921356731899998
1197,16124.0000000,6,3,120.346138839999990,41.880726681600002
1198,16125.0000000,6,3,120.267174606000000,41.876636691500003
1199,16126.0000000,6,3,120.240395431000000,41.972426998600000
1200,16127.0000000,6,3,120.172417526000000,41.946130920500003
1201,16128.0000000,6,3,120.221856003000000,41.836745570600002
1202,16129.0000000,6,3,120.155594711000010,41.814231910799997
1203,16130.0000000,6,3,120.402100449000000,41.981870513399997
1204,16131.0000000,6,3,120.381857263000000,41.797419428300003
1205,16132.0000000,6,3,120.398851738999990,41.757094754800001
1206,16133.0000000,6,3,120.403143273000000,41.731862946000000
1207,16134.0000000,6,3,120.487257348000000,41.776940222999997
1208,16135.0000000,6,3,120.426660881999990,41.718538601299997
1209,16136.0000000,6,3,120.293279992000000,41.741085873499998
1210,16137.0000000,6,3,120.276113854000000,41.746721454999999
1211,16138.0000000,6,3,120.316282617000000,41.815973057299999
1212,16139.0000000,6,3,120.206934320000000,41.793580075599998
1213,16140.0000000,6,3,120.173288690000010,41.804969484300003
1214,16141.0000000,6,3,120.207944107000000,41.752812072499999
1215,16142.0000000,6,3,120.182538222999990,41.775731368199999
1216,16143.0000000,6,3,120.238328170000000,41.780723871500001
1217,16144.0000000,6,3,120.262532425000000,41.767921801500002
1218,16145.0000000,6,3,120.166402053000000,41.721044436400000
1219,16146.0000000,6,3,120.137906265000000,41.731806201900000
1220,16147.0000000,6,3,120.128293228000000,41.780723871500001
1221,16148.0000000,6,3,120.131039810000000,41.701309851100000
1222,16149.0000000,6,3,120.155759047999990,41.713740783100000
1223,16150.0000000,6,3,120.290856551999990,41.698361958000000
1224,16151.0000000,6,3,120.268197250000000,41.642967731699997
1225,16152.0000000,6,3,120.223221968999990,41.658616301400002
1226,16153.0000000,6,3,120.130181503000000,41.673619965400000
1227,16154.0000000,6,3,120.191979599000010,41.642198031800000
1228,16155.0000000,6,3,120.283303450999990,41.625647260999997
1229,16156.0000000,6,3,120.241074752000000,41.617177781499997
1230,16157.0000000,6,3,120.186143112000000,41.630138200300003
1231,16158.0000000,6,3,120.187688064000000,41.614226034799998
1232,16159.0000000,6,3,120.090699386000000,41.682338436999999
1233,16160.0000000,6,3,120.095334243000000,41.637194758600003
1234,16161.0000000,6,3,120.126748275000000,41.608065432799997
1235,16162.0000000,6,3,120.103917311999990,41.594587064599999
1236,16163.0000000,6,3,120.155587387000000,41.592789736100002
1237,16164.0000000,6,3,120.198846054000000,41.601519148400001
1238,16165.0000000,6,3,120.251717758000000,41.607038608499998
1239,16166.0000000,6,3,120.117135238000000,41.554006610700000
1240,16167.0000000,6,3,120.107522200999990,41.589836873599999
1244,16171.0000000,6,3,120.233349989999990,41.567493450599997
1245,16172.0000000,6,3,120.277123642000010,41.468781861200000
1246,16173.0000000,6,3,120.304932785000010,41.479585773899998
1247,16174.0000000,6,3,120.102715683000000,41.486015819300000
1248,16175.0000000,6,3,120.136017990000000,41.488330479500000
1249,16176.0000000,6,3,120.153355789000000,41.487944708500002
1250,16177.0000000,6,3,120.202450943000000,41.486273007900003
1251,16178.0000000,6,3,118.442063188000010,41.912181281199999
1252,16179.0000000,6,3,118.749680375000000,41.841627000899997
1253,16180.0000000,6,3,118.322586869000010,41.779188067200003
1254,16181.0000000,6,3,118.383011674000000,41.223798003200002
1255,16182.0000000,6,3,118.311600541000000,41.405337199300000
1256,16183.0000000,6,3,118.130326127000000,41.686953929900000
1257,16184.0000000,6,3,119.209800414000000,41.916082813599999
1258,16185.0000000,6,3,119.218555144000010,41.904457655199998
1259,16186.0000000,6,3,119.215465239000000,41.931026334800002
1260,16187.0000000,6,3,119.303355864000000,41.741995531800001
1261,16188.0000000,6,3,119.604255075000000,41.961972882799998
1262,16189.0000000,6,3,119.580565805000010,41.930947484000001
1263,16190.0000000,6,3,119.561339731000000,41.947802660299999
1264,16191.0000000,6,3,119.558249825999990,41.972438951699999
1265,16192.0000000,6,3,119.679099436000000,42.005867794200000
1266,16193.0000000,6,3,119.662619944000000,41.932352252199998
1267,16194.0000000,6,3,119.581252451000000,41.952781746100001
1268,16195.0000000,6,3,119.590178842000000,41.935672490400002
1269,16196.0000000,6,3,119.662619944000000,41.954058372200002
1270,16197.0000000,6,3,119.714805002000010,41.951122094100000
1271,16198.0000000,6,3,119.742957468000000,41.946398232400000
1272,16199.0000000,6,3,119.764586800999990,41.937587933800003
1273,16200.0000000,6,3,119.762870187999990,41.980861611900004
1274,16201.0000000,6,3,119.573012705000000,41.971162693899998
1275,16202.0000000,6,3,119.555331583000000,41.935033996500003
1276,16203.0000000,6,3,119.516364450000000,41.918430911000002
1277,16204.0000000,6,3,119.559279794999990,41.922645949600003
1278,16205.0000000,6,3,119.640303965000000,41.903101151000001
1279,16206.0000000,6,3,119.672747965000000,41.907572711299999
1280,16207.0000000,6,3,119.632922525000000,41.981882464700000
1281,16208.0000000,6,3,119.627772684000010,41.858368324200001
1282,16209.0000000,6,3,119.646998758000000,41.844942370100000
1283,16210.0000000,6,3,119.665194864000000,41.870896672199997
1284,16211.0000000,6,3,119.647170419999990,41.890451327500003
1285,16212.0000000,6,3,119.700213785000000,41.851463899800002
1286,16213.0000000,6,3,119.786731119000000,41.865272003299999
1287,16214.0000000,6,3,119.779693003000010,41.848522900100001
1288,16215.0000000,6,3,119.720984812000000,41.815907104799997
1289,16216.0000000,6,3,119.680301064999990,41.831769410500002
1290,16217.0000000,6,3,119.632235880000000,41.823071213399999
1291,16218.0000000,6,3,119.568721170000000,41.812580639099998
1292,16219.0000000,6,3,119.691287393000000,41.800936648700002
1293,16220.0000000,6,3,119.752227182000000,41.880483035300003
1294,16221.0000000,6,3,119.590693827000000,41.872174936999997
1295,16222.0000000,6,3,119.807330484000000,41.790058482500001
1296,16223.0000000,6,3,119.800464029000000,41.773545738199999
1297,16224.0000000,6,3,119.817115183000000,41.801832415400000
1298,16225.0000000,6,3,119.749480600000000,41.778666423799997
1299,16226.0000000,6,3,119.626399393000000,41.772265502899998
1300,16227.0000000,6,3,119.598418589000000,41.775978114799997
1301,16228.0000000,6,3,119.669658060000000,41.751009864499999
1302,16229.0000000,6,3,119.660560007000000,41.749216898400000
1303,16230.0000000,6,3,119.721843119000000,41.742813039100000
1304,16231.0000000,6,3,119.782782907000000,41.740763669200000
1305,16232.0000000,6,3,119.783812876000000,41.755107884799997
1306,16233.0000000,6,3,119.695552443000000,41.709948968399999
1307,16234.0000000,6,3,119.718040083000010,41.662516313499999
1308,16235.0000000,6,3,119.768680190000000,41.658284135099997
1309,16236.0000000,6,3,119.794944380000000,41.703284869500003
1310,16237.0000000,6,3,119.800094222000000,41.692646511100001
1311,16238.0000000,6,3,119.614528273000000,41.690595540899999
1312,16239.0000000,6,3,119.637530897999990,41.647510062099997
1313,16240.0000000,6,3,119.660533521999990,41.716612376599997
1314,16241.0000000,6,3,119.686797713000000,41.674570085299997
1316,16243.0000000,6,3,119.922443748000010,41.550929056100003
1318,16245.0000000,6,3,119.553715110000000,41.410492423999997
1319,16246.0000000,6,3,119.682117820000000,41.330106309500003
1320,16247.0000000,6,3,119.606586814000000,41.597160132699997
1321,16248.0000000,6,3,119.627356304000000,41.548002890799999
1322,16249.0000000,6,3,119.637655987000000,41.563417624000003
1323,16250.0000000,6,3,119.594740642000000,41.574719425100000
1324,16251.0000000,6,3,119.577059520000010,41.564059824700003
1325,16252.0000000,6,3,119.653448833000000,41.584735277699998
1326,16253.0000000,6,3,119.646239055000000,41.577801391400001
1327,16254.0000000,6,3,119.669070019000000,41.551214596700000
1329,16256.0000000,6,3,119.560751690000000,41.562903858799999
1330,16257.0000000,6,3,119.561953319000000,41.593850921200001
1331,16258.0000000,6,3,119.573111309000000,41.601039816600000
1332,16259.0000000,6,3,119.606585276999990,41.595391466199999
1333,16260.0000000,6,3,119.556631817000000,41.543891674400001
1334,16261.0000000,6,3,119.731211437000000,41.574976261200000
1335,16262.0000000,6,3,119.811548961000000,41.540936576100002
1336,16263.0000000,6,3,119.784426464000010,41.536953404000002
1337,16264.0000000,6,3,119.648813976000000,41.472288942100000
1338,16265.0000000,6,3,119.592509044000000,41.465471630000003
1339,16266.0000000,6,3,119.595083965000000,41.444243332600003
1340,16267.0000000,6,3,119.523501171000010,41.347663524600001
1341,16268.0000000,6,3,119.486078991000000,41.360291436300002
1342,16269.0000000,6,3,119.647440685000010,41.282681286699997
1343,16270.0000000,6,3,119.791636242000000,41.410263607099999
1344,16271.0000000,6,3,119.882960094000000,41.417472913600001
1345,16272.0000000,6,3,119.784426464000010,41.319048379000002
1346,16273.0000000,6,3,119.862360729000000,41.292226386999999
1347,16274.0000000,6,3,119.466509594000000,41.190253884999997
1348,16275.0000000,6,3,119.136919750000000,41.175784147500003
1349,16276.0000000,6,3,119.318194164000000,41.163249737900003
1350,16277.0000000,6,3,119.385657085000010,41.131579985400002
1351,16278.0000000,6,3,119.345145000000000,41.084499539399999
1352,16279.0000000,6,3,119.333128704000000,41.088769213100001
1353,16280.0000000,6,3,119.272875561000010,41.169969513399998
1354,16281.0000000,6,3,119.532982945000000,41.039130062100000
1355,16282.0000000,6,3,119.510838627000000,41.005198204800003
1356,16283.0000000,6,3,119.554268956000000,41.006105008500001
1357,16284.0000000,6,3,119.579846501000010,41.002218619300002
1358,16285.0000000,6,3,119.552209019000000,41.069161997000002
1359,16286.0000000,6,3,119.722840428000000,41.010509305799999
1360,16287.0000000,6,3,119.756142735000000,41.023202397900000
1361,16288.0000000,6,3,119.666878819000000,41.071620901599999
1362,16289.0000000,6,3,119.796483158000000,41.080808625600000
1363,16290.0000000,6,3,119.840428471000000,41.117546679199997
1364,16291.0000000,6,3,119.946515202000000,41.096075523400003
1365,16292.0000000,6,3,119.905488133000010,41.036799425100000
1366,16293.0000000,6,3,119.915444493000000,41.028253050099998
1367,16294.0000000,6,3,119.822060703999990,41.036799425100000
1385,16312.0000000,6,3,119.720866322000010,40.506851153699998
1386,16313.0000000,6,3,119.727046132000000,40.482047958599999
1387,16314.0000000,6,3,119.690997241999990,40.478914271299999
1388,16315.0000000,6,3,119.668852925000000,40.500324886000001
1392,16319.0000000,6,3,119.726016163000000,40.495103414699997
1397,16324.0000000,6,3,119.962050557000000,40.491839788800000
1398,16325.0000000,6,3,120.025736927000000,40.485573182099998
1401,16328.0000000,6,3,119.950720906000000,40.346905683899998
1402,16329.0000000,6,3,120.002219319000010,40.328587030999998
1409,16336.0000000,6,3,119.953810809999990,40.317986110699998
1410,16337.0000000,6,3,119.902827382000000,40.299528685900000
1411,16338.0000000,6,3,119.936301349999990,40.293898822099997
1412,16339.0000000,6,3,119.853903888999990,40.326362284500000
1413,16340.0000000,6,3,119.858538745999990,40.303194391500000
1414,16341.0000000,6,3,119.894072651000000,40.352269490600001
1415,16342.0000000,6,3,119.844736338999990,40.251730497399997
1416,16343.0000000,6,3,119.796671153000010,40.288666412500000
1417,16344.0000000,6,3,120.028414012000000,40.260245883700001
1418,16345.0000000,6,3,119.994081737000000,40.259983887799997
1419,16346.0000000,6,3,120.022749186000000,40.267712340599999
1420,16347.0000000,6,3,120.188581287000010,40.328359661400000
1421,16348.0000000,6,3,120.144635975000000,40.301657774100001
1422,16349.0000000,6,3,120.171415149000000,40.290921687599997
1425,16352.0000000,6,3,120.358526049999990,40.546160116999999
1427,16354.0000000,6,3,120.212270557000000,40.500359159799999
1434,16361.0000000,6,3,120.381106935000010,40.747161504799998
1435,16362.0000000,6,3,120.424708925000000,40.773036458500002
1436,16363.0000000,6,3,120.400847994000000,40.693819548999997
1437,16364.0000000,6,3,120.337676607000010,40.718023879999997
1439,16366.0000000,6,3,120.445994936000010,40.718934623899997
1441,16368.0000000,6,3,120.483588778000000,40.802669752299998
1442,16369.0000000,6,3,120.382995210999990,40.686921005599999
1443,16370.0000000,6,3,120.357417665000000,40.670908426600000
1444,16371.0000000,6,3,120.489768587000000,40.689524313400000
1445,16372.0000000,6,3,120.590705477000000,40.706052944800000
1446,16373.0000000,6,3,120.553969941999990,40.712949507200001
1447,16374.0000000,6,3,120.566672884000000,40.571753232299997
1448,16375.0000000,6,3,120.556029878999990,40.607210624200000
1449,16376.0000000,6,3,120.581435762000000,40.609947361600000
1450,16377.0000000,6,3,120.605468355000000,40.716202354700002
1451,16378.0000000,6,3,120.619372927000000,40.737667162599998
1452,16379.0000000,6,3,120.628127656999990,40.708004874499998
1453,16380.0000000,6,3,120.707435213000000,40.741048864600003
1454,16381.0000000,6,3,120.737647615000000,40.709306129200002
1455,16382.0000000,6,3,120.662631594000000,40.768616325600000
1456,16383.0000000,6,3,120.711898409000000,40.783955526299998
1457,16384.0000000,6,3,120.694732271000010,40.769136356499999
1458,16385.0000000,6,3,120.735759340000000,40.754183844799996
1461,16388.0000000,6,3,120.582122408000000,40.842679693599997
1462,16389.0000000,6,3,120.561179720000000,40.846445620200001
1463,16390.0000000,6,3,120.586070620000000,40.877473899400002
1464,16391.0000000,6,3,120.641173921999990,40.875007747900000
1465,16392.0000000,6,3,120.675677858000000,40.872281894700002
1466,16393.0000000,6,3,120.708980165000000,40.889413964600003
1467,16394.0000000,6,3,120.625552736000000,40.818520732600000
1468,16395.0000000,6,3,120.684089266000000,40.805398469600000
1469,16396.0000000,6,3,120.703658663000000,40.933262229900002
1470,16397.0000000,6,3,120.707606874000010,40.952193610899997
1471,16398.0000000,6,3,120.741080843000010,40.912379552899999
1472,16399.0000000,6,3,120.571479403000000,40.986800660699998
1473,16400.0000000,6,3,120.678939424000010,40.998591425199997
1474,16401.0000000,6,3,120.677394472000000,41.087925302599999
1475,16402.0000000,6,3,120.547103487000000,41.024109262700001
1476,16403.0000000,6,3,120.427283845999990,41.116383069000001
1477,16404.0000000,6,3,120.529594027000000,41.097757561500003
1478,16405.0000000,6,3,120.493373476000000,41.062302770400002
1479,16406.0000000,6,3,120.635680757000000,41.137976867200003
1480,16407.0000000,6,3,120.655421816000000,41.073432975899998
1481,16408.0000000,6,3,120.400504670999990,41.106424253400000
1482,16409.0000000,6,3,120.398788057000000,41.087019625799996
1483,16410.0000000,6,3,120.343341433000010,41.076279935099997
1484,16411.0000000,6,3,120.513457857000010,41.203878005699998
1485,16412.0000000,6,3,120.506763062999990,41.181530735199999
1486,16413.0000000,6,3,120.445823275000000,41.136425453999998
1487,16414.0000000,6,3,120.408229433000000,41.160080518199997
1488,16415.0000000,6,3,120.396728121000000,41.192253209999997
1489,16416.0000000,6,3,120.374927126000000,41.231898188899997
1490,16417.0000000,6,3,120.500926577000000,41.305700311700001
1491,16418.0000000,6,3,120.516891085000000,41.316918149899998
1492,16419.0000000,6,3,120.508308016000000,41.345212047899999
1493,16420.0000000,6,3,120.468654238000000,41.348047205199997
1494,16421.0000000,6,3,120.460242830000000,41.286741647200003
1495,16422.0000000,6,3,120.404882036000000,41.346629642000003
1496,16423.0000000,6,3,120.243520342000000,41.335545811000003
1497,16424.0000000,6,3,120.251760088000000,41.294545030099997
1498,16425.0000000,6,3,120.192708573999990,41.221763241100000
1499,16426.0000000,6,3,120.310124956000000,41.378324137500002
1500,16427.0000000,6,3,120.524186693000000,41.400346581999997
1501,16428.0000000,6,3,120.549592577000000,41.423005167100001
1502,16429.0000000,6,3,120.570535265000000,41.403823128100001
1503,16430.0000000,6,3,120.552167498000000,41.375490298999999
1504,16431.0000000,6,3,120.434407793000010,41.360159668599998
1505,16432.0000000,6,3,120.448827349000000,41.389014325900000
1506,16433.0000000,6,3,120.360250078000010,41.408973224999997
1507,16434.0000000,6,3,120.333814226000000,41.393908042500001
1508,16435.0000000,6,3,120.447110735000000,41.423648761400003
1509,16436.0000000,6,3,120.514573656000000,41.427896324099997
1510,16437.0000000,6,3,120.456389513999990,41.459178630300002
1511,16438.0000000,6,3,120.424803819999990,41.461751534800001
1512,16439.0000000,6,3,120.376051989000000,41.436532669100004
1514,16441.0000000,6,3,120.476645555999990,41.544030576300003
1515,16442.0000000,6,3,120.512351123000000,41.546600111700002
1518,16445.0000000,6,3,121.196716587000000,41.341103857000000
1520,16447.0000000,6,3,121.159809391000000,41.429199282600003
1521,16448.0000000,6,3,121.190193455000000,41.423278480100002
1522,16449.0000000,6,3,121.519611637000000,41.527842663100003
1523,16450.0000000,6,3,121.550339024000000,41.535038905699999
1527,16454.0000000,6,3,121.546047489000000,41.504706461399998
1538,16465.0000000,6,3,121.799707424999990,39.107669453400000
1539,16466.0000000,6,3,121.777391446000000,39.096879208799997
1540,16467.0000000,6,3,121.838159573000000,39.102074717900003
1541,16468.0000000,6,3,121.861333859000000,39.099277183600002
1544,16471.0000000,6,3,121.909426388000000,39.314438342000003
1545,16472.0000000,6,3,121.891401943999990,39.313243032099997
1546,16473.0000000,6,3,121.894491849000000,39.320812983000003
1547,16474.0000000,6,3,121.884878812000000,39.325726372399998
1548,16475.0000000,6,3,121.879042325000000,39.346305738300003
1549,16476.0000000,6,3,121.920584378000000,39.352411997300003
1550,16477.0000000,6,3,121.914576229999990,39.350288141599997
1551,16478.0000000,6,3,121.896208462000000,39.289199687900002
1552,16479.0000000,6,3,121.885393796000000,39.284416601700002
1553,16480.0000000,6,3,121.841105160000000,39.291989670600003
1554,16481.0000000,6,3,121.828402219000000,39.285612403800002
1555,16482.0000000,6,3,121.915091214000000,39.314628455200001
1556,16483.0000000,6,3,121.901615796000000,39.329700847100000
1557,16484.0000000,6,3,121.891831096999990,39.346960389000003
1558,16485.0000000,6,3,121.867111859000000,39.312038598400001
1559,16486.0000000,6,3,121.935261426000000,39.367798923899997
1560,16487.0000000,6,3,122.015255627000000,39.365675535999998
1561,16488.0000000,6,3,122.027958569000010,39.354924894100002
1562,16489.0000000,6,3,122.028130231000010,39.372709011100000
1563,16490.0000000,6,3,122.002552685000000,39.386773835800000
1564,16491.0000000,6,3,121.779656424000000,39.343652810800002
1565,16492.0000000,6,3,121.803345694000000,39.353608771600001
1566,16493.0000000,6,3,121.782574667000010,39.352015913199999
1567,16494.0000000,6,3,121.767811789000010,39.344449339900002
1568,16495.0000000,6,3,121.826176657000000,39.312846726099998
1569,16496.0000000,6,3,121.888146414000000,39.305807225000002
1570,16497.0000000,6,3,121.838364615000000,39.331305449600002
1571,16498.0000000,6,3,121.788926137999990,39.338076853200000
1572,16499.0000000,6,3,121.784806265000000,39.340201080000000
1573,16500.0000000,6,3,121.933100118000000,39.365040296700002
1574,16501.0000000,6,3,121.960136785000000,39.370348693600000
1575,16502.0000000,6,3,121.961853399000010,39.378111497500001
1576,16503.0000000,6,3,121.955673589000000,39.377049968400001
1577,16504.0000000,6,3,121.961338414000000,39.391394837199996
1578,16505.0000000,6,3,122.016613378000000,39.386618738400003
1579,16506.0000000,6,3,122.009832753000000,39.401675607300000
1580,16507.0000000,6,3,122.015411748000010,39.405654853400002
1581,16508.0000000,6,3,122.008030309000010,39.406583311500000
1582,16509.0000000,6,3,122.033607854000000,39.385889027799998
1583,16510.0000000,6,3,122.022364034000010,39.380051068699998
1584,16511.0000000,6,3,121.995427169000000,39.448019739199999
1585,16512.0000000,6,3,122.003409424000000,39.457231851200000
1586,16513.0000000,6,3,121.981694258999990,39.467370392699998
1587,16514.0000000,6,3,121.991307296000000,39.462930821000000
1588,16515.0000000,6,3,121.986329117000000,39.463195878000001
1589,16516.0000000,6,3,122.047183075000010,39.459021112899997
1590,16517.0000000,6,3,122.080485382000010,39.445501107900000
1591,16518.0000000,6,3,122.002207794000000,39.451731240299999
1592,16519.0000000,6,3,121.998688736000010,39.454846097400001
1593,16520.0000000,6,3,121.981350937000000,39.430718883200001
1594,16521.0000000,6,3,121.972853697999990,39.434563889200000
1595,16522.0000000,6,3,121.940383073000010,39.426233541400002
1596,16523.0000000,6,3,122.050870887000000,39.474946490299999
1597,16524.0000000,6,3,122.137690183999990,39.472361212199999
1598,16525.0000000,6,3,122.137175200000000,39.458976334699997
1599,16526.0000000,6,3,122.139406798000000,39.453409588200003
1600,16527.0000000,6,3,122.162924406000000,39.471234861399999
1601,16528.0000000,6,3,122.199398714000000,39.427982256699998
1602,16529.0000000,6,3,122.180000978000000,39.456351868900001
1603,16530.0000000,6,3,122.302035024000010,39.432801967600000
1604,16531.0000000,6,3,122.181459952000000,39.597129943799999
1605,16532.0000000,6,3,122.197939444000000,39.587605644200003
1606,16533.0000000,6,3,122.159487295999990,39.566700508799997
1617,16544.0000000,6,3,122.580791981999990,39.614616315500001
1618,16545.0000000,6,3,122.594439062000010,39.610516771199997
1619,16546.0000000,6,3,122.569119009000000,39.605755705599996
1620,16547.0000000,6,3,122.648782716000000,39.681163314599999
1626,16553.0000000,6,3,122.610330567000010,39.735572100399999
1627,16554.0000000,6,3,122.572221741000010,39.674028885699997
1630,16557.0000000,6,3,122.611017213000000,39.654207161199999
1631,16558.0000000,6,3,122.599344239000000,39.661872235600001
1632,16559.0000000,6,3,122.608270631000000,39.669272190400001
1639,16566.0000000,6,3,122.632852873999990,39.643484700300000
1640,16567.0000000,6,3,122.634409367000000,39.693127295499998
1641,16568.0000000,6,3,122.645095287999990,39.696561532899999
1643,16570.0000000,6,3,122.650373875000000,39.702736126100000
1644,16571.0000000,6,3,122.649084453000000,39.717760493400000
1645,16572.0000000,6,3,122.646681194000000,39.715185622600004
1646,16573.0000000,6,3,122.646337871000000,39.721952705500001
1660,16587.0000000,6,3,122.643223040000000,39.778534896099998
1661,16588.0000000,6,3,122.626056902000000,39.781964880499999
1662,16589.0000000,6,3,122.634639971000000,39.803200592099998
1663,16590.0000000,6,3,122.610607379000000,39.802013675600001
1664,16591.0000000,6,3,122.573528521000000,39.796606352500000
1665,16592.0000000,6,3,122.570095294000000,39.767320292599997
1666,16593.0000000,6,3,122.575245135000000,39.754124302299999
1673,16600.0000000,6,3,122.219779084000000,39.885169359800003
1674,16601.0000000,6,3,122.220465730000000,39.920988143300001
1675,16602.0000000,6,3,122.362601350000010,39.855130366300003
1677,16604.0000000,6,3,122.098242830000000,39.870942002600003
1680,16607.0000000,6,3,121.781355928000000,39.566987033899998
1681,16608.0000000,6,3,121.882292817000010,39.540251143200003
1682,16609.0000000,6,3,121.832511018000010,39.524628380400003
1683,16610.0000000,6,3,121.815344880000000,39.484363713100002
1684,16611.0000000,6,3,121.788565705000000,39.450968740599997
1685,16612.0000000,6,3,121.783759187000000,39.401642113100003
1686,16613.0000000,6,3,121.834570955000000,39.418088201600000
1687,16614.0000000,6,3,121.754233430000000,39.438242630900000
1688,16615.0000000,6,3,121.627204011000000,39.559576136099999
1689,16616.0000000,6,3,122.001131937000000,39.584166185400001
1690,16617.0000000,6,3,121.976927682000000,39.572126058300000
1697,16624.0000000,6,3,122.049173865000000,39.898139212700002
1698,16625.0000000,6,3,122.067026649000000,39.895768640100002
1699,16626.0000000,6,3,122.096552405000000,39.901431538700002
1700,16627.0000000,6,3,122.090544257000000,39.936452090899998
1701,16628.0000000,6,3,122.029089484000000,39.887207556200003
1702,16629.0000000,6,3,122.107538733000000,39.880489649499999
1703,16630.0000000,6,3,122.084879431999990,39.946191466199998
1704,16631.0000000,6,3,122.304539786000010,40.076818027999998
1705,16632.0000000,6,3,122.373890982000010,40.214860289999997
1706,16633.0000000,6,3,122.336125479000000,39.991122557799997
1707,16634.0000000,6,3,122.219395743000010,40.014265687100000
1711,16638.0000000,6,3,122.381444083000010,40.174998570699998
1712,16639.0000000,6,3,122.028508292000000,40.021101928599997
1713,16640.0000000,6,3,121.926198111000010,40.017683893499999
1714,16641.0000000,6,3,122.252354727000000,40.126188538800001
1715,16642.0000000,6,3,122.275357352000000,40.167128357599999
1716,16643.0000000,6,3,122.071080313000000,40.015448931800002
1717,16644.0000000,6,3,122.090306387000000,40.002563607900001
1718,16645.0000000,6,3,122.106871709999990,40.005982400199997
1719,16646.0000000,6,3,122.113995657000000,39.994410412100002
1720,16647.0000000,6,3,122.086100684000000,39.994673433599999
1721,16648.0000000,6,3,122.072711096000010,40.029777710300003
1722,16649.0000000,6,3,122.134595023000000,40.015185990299997
1723,16650.0000000,6,3,122.146954642000000,40.008217671899999
1724,16651.0000000,6,3,122.036061391999990,40.015843342099998
1725,16652.0000000,6,3,122.273898230000000,39.948760847700001
1726,16653.0000000,6,3,122.248149024000000,39.974812460999999
1727,16654.0000000,6,3,122.336382971000010,40.018472686000003
1728,16655.0000000,6,3,122.349429236000010,40.062893272799997
1729,16656.0000000,6,3,122.405390845000000,40.135113422600000
1730,16657.0000000,6,3,122.484011755000000,40.072089185099998
1731,16658.0000000,6,3,122.463069067000010,39.968760951100002
1732,16659.0000000,6,3,122.405390845000000,39.953761421999999
1733,16660.0000000,6,3,122.366595374000000,39.925332238599999
1734,16661.0000000,6,3,122.574305640000010,40.031617885800003
1737,16664.0000000,6,3,122.476115332000010,40.107810088100003
1738,16665.0000000,6,3,122.314059606000000,40.060558192000002
1739,16666.0000000,6,3,122.320496908000000,40.042556268799999
1740,16667.0000000,6,3,122.478028816999990,40.057189925700001
1741,16668.0000000,6,3,122.446013970000000,40.061328586199998
1742,16669.0000000,6,3,122.505837959999990,40.043523991400001
1743,16670.0000000,6,3,122.471334023000000,40.018484573700000
1744,16671.0000000,6,3,122.594930214000000,40.092393358099997
1745,16672.0000000,6,3,122.622567696000000,40.085301593099999
1746,16673.0000000,6,3,122.557508033999990,40.048649037899999
1747,16674.0000000,6,3,122.607804818000010,40.051145715799997
1749,16676.0000000,6,3,122.627374215000000,40.109069226199999
1750,16677.0000000,6,3,122.345677894999990,40.126266036099999
1751,16678.0000000,6,3,122.393056435000010,40.104736519699998
1752,16679.0000000,6,3,122.515219536000000,40.141239653400000
1753,16680.0000000,6,3,122.515305367000000,40.141239653400000
1754,16681.0000000,6,3,122.523545113000000,40.147603905600000
1755,16682.0000000,6,3,122.497710076000000,40.113413655499997
1756,16683.0000000,6,3,122.574356880000000,40.120568124800002
1757,16684.0000000,6,3,122.596157875000000,40.117614536100000
1758,16685.0000000,6,3,122.617186394000000,40.119452339699997
1759,16686.0000000,6,3,122.589978066000000,40.109737672199998
1760,16687.0000000,6,3,122.594956246000000,40.148063158500001
1761,16688.0000000,6,3,122.588347283000000,40.160133834600003
1762,16689.0000000,6,3,122.494070267000000,40.214924683500001
1763,16690.0000000,6,3,122.540075516000000,40.231177324999997
1764,16691.0000000,6,3,122.540075516000000,40.230784161999999
1765,16692.0000000,6,3,122.569944596000000,40.213286096099999
1766,16693.0000000,6,3,122.552692627000000,40.196570240900002
1767,16694.0000000,6,3,122.564022278000000,40.195259019200002
1768,16695.0000000,6,3,122.467119431000000,40.235960625899999
1769,16696.0000000,6,3,122.467205261000000,40.236026148199997
1770,16697.0000000,6,3,122.481710648000000,40.239695297200001
1771,16698.0000000,6,3,122.479195286000010,40.253469709599997
1772,16699.0000000,6,3,122.557301212000000,40.259888935299998
1773,16700.0000000,6,3,122.566656757000000,40.245215524700001
1774,16701.0000000,6,3,122.534813572000000,40.266307552000001
1775,16702.0000000,6,3,122.505030323000000,40.262312362099998
1776,16703.0000000,6,3,122.535843540000000,40.245150011200003
1777,16704.0000000,6,3,122.503828693000000,40.279863240499999
1778,16705.0000000,6,3,122.514385868000010,40.285756170600003
1779,16706.0000000,6,3,122.530007053000010,40.274624649200000
1780,16707.0000000,6,3,122.547945666999990,40.283595489200003
1781,16708.0000000,6,3,122.523998905000000,40.300224408200002
1782,16709.0000000,6,3,122.542280842000000,40.308668237299997
1783,16710.0000000,6,3,122.552838016000000,40.303104592600000
1784,16711.0000000,6,3,122.562451053999990,40.302319099899997
1785,16712.0000000,6,3,122.540392567000000,40.310500867000002
1786,16713.0000000,6,3,122.559704471000000,40.323262444599997
1787,16714.0000000,6,3,122.547859836000000,40.331245384500001
1788,16715.0000000,6,3,122.535328556000000,40.335171074199998
1789,16716.0000000,6,3,122.587599445000000,40.334189673200001
1790,16717.0000000,6,3,122.598585773000000,40.330002201900001
1791,16718.0000000,6,3,122.577471424000000,40.344984299200000
1792,16719.0000000,6,3,122.598156620000000,40.340732076999998
1793,16720.0000000,6,3,122.525028873000000,40.347797160500001
1794,16721.0000000,6,3,122.551293064000010,40.363625493999997
1795,16722.0000000,6,3,122.565970112000000,40.360747891599999
1796,16723.0000000,6,3,122.498764683000000,40.349367078500002
1797,16724.0000000,6,3,122.588371921000000,40.351067781799998
1798,16725.0000000,6,3,122.534727741000000,40.400761697299998
1799,16726.0000000,6,3,122.596354175000000,40.408866174000003
1800,16727.0000000,6,3,122.610258747000000,40.398670061099999
1801,16728.0000000,6,3,122.508463550000000,40.416316202899999
1821,16748.0000000,6,3,122.042629238999990,39.146851402400003
1822,16749.0000000,6,3,122.052757260000010,39.149846732599997
1823,16750.0000000,6,3,122.057392118000000,39.153973423300002
1824,16751.0000000,6,3,122.072927472000000,39.151377629999999
1825,16752.0000000,6,3,122.048975691000000,39.140713195099998
1826,16753.0000000,6,3,122.012926802000000,39.131525919799998
1827,16754.0000000,6,3,121.998850569000000,39.131525919799998
1828,16755.0000000,6,3,121.994044051000000,39.127930572600000
1829,16756.0000000,6,3,122.002112135000000,39.108219483699997
1830,16757.0000000,6,3,121.985289320000010,39.113014580500000
1831,16758.0000000,6,3,121.967608199000000,39.119940255300001
1832,16759.0000000,6,3,121.966921553000010,39.114080113200004
1833,16760.0000000,6,3,121.965719922999990,39.109951084099997
1834,16761.0000000,6,3,121.972243056000000,39.099960496800001
1835,16762.0000000,6,3,121.968981490000000,39.097162878699997
1836,16763.0000000,6,3,121.942545636999990,39.105955019100001
1837,16764.0000000,6,3,121.979624495000000,39.095697415300002
1838,16765.0000000,6,3,121.977049574000010,39.119940255300001
1839,16766.0000000,6,3,122.011210188000010,39.128330064700002
1840,16767.0000000,6,3,121.948897108000000,39.060117282400000
1841,16768.0000000,6,3,121.948553786000010,39.065315499400000
1842,16769.0000000,6,3,121.953703627000000,39.054652077500002
1843,16770.0000000,6,3,121.794557583000000,39.090484210400000
4138,19065.0000000,6,3,119.768634397000000,41.975711851600003
4139,19066.0000000,6,3,119.813609678000010,41.938947278900002
4140,19067.0000000,6,3,119.905620176000000,41.883760656200003
4141,19068.0000000,6,3,119.860301572000000,41.845920056300002
4142,19069.0000000,6,3,119.849315244000000,41.988982734899999
4143,19070.0000000,6,3,119.916606504000000,41.982602847800003
4144,19071.0000000,6,3,120.009990293000000,42.009904276800000
4145,19072.0000000,6,3,119.603152830000000,41.961672330699997
4146,19073.0000000,6,3,119.648128111000010,41.891172744099997
4147,19074.0000000,6,3,119.684520322000000,41.840548967700002
4148,19075.0000000,6,3,119.767261106000010,41.708175721600000
4149,19076.0000000,6,3,119.829059202000000,41.716376967499997
4150,19077.0000000,6,3,119.808459837000000,41.797308079399997
4151,19078.0000000,6,3,118.453879911000000,41.419443358499997
4152,19079.0000000,6,3,118.492332060000000,41.441966600900003
4153,19080.0000000,6,3,118.559108335000000,41.432443440500002
4154,19081.0000000,6,3,118.583999234999990,41.427681336299997
4155,19082.0000000,6,3,118.548980314000000,41.390988556400004
4156,19083.0000000,6,3,118.451476652000000,41.381973124799998
4157,19084.0000000,6,3,118.356376248999990,41.464482028500001
4158,19085.0000000,6,3,118.399463255000000,41.470913572400001
4159,19086.0000000,6,3,118.419719297000000,41.501261846500000
4160,19087.0000000,6,3,118.482375700000010,41.486346674600000
4161,19088.0000000,6,3,118.297324735000000,41.442867368000002
4162,19089.0000000,6,3,118.266254026000000,41.433601737300002
4163,19090.0000000,6,3,118.305777283000000,41.716827847899999
4164,19091.0000000,6,3,118.928833277000000,41.523602687900002
4165,19092.0000000,6,3,118.942394526000000,41.494679248799997
4166,19093.0000000,6,3,118.909092219000000,41.565615047599998
4167,19094.0000000,6,3,118.827038081000000,41.548402274700003
4168,19095.0000000,6,3,119.974249246000000,42.144865099900002
4169,19096.0000000,6,3,120.171316507000000,42.114310905899998
4170,19097.0000000,6,3,119.773748758000000,42.286748468500001
4171,19098.0000000,6,3,119.418753030000000,42.154028484199998
4172,19099.0000000,6,3,119.548529031000000,41.928122107500002
4173,19100.0000000,6,3,119.786108377000010,42.043470409000001
4174,19101.0000000,6,3,119.593847634000000,42.188124978399998
4175,19102.0000000,6,3,118.812817948000000,42.028399276400002
4176,19103.0000000,6,3,118.823890105999990,42.028718056400002
4177,19104.0000000,6,3,118.820371048000000,42.045866063200002
4178,19105.0000000,6,3,118.644028774000010,41.930080018200002
4179,19106.0000000,6,3,118.778267971000010,41.953063557500002
4180,19107.0000000,6,3,118.825303188000010,41.963786374000001
4181,19108.0000000,6,3,118.817406765000000,41.918201943800000
4182,19109.0000000,6,3,119.645548683000000,42.705202264900002
4183,19110.0000000,6,3,119.587845659000000,42.824231839799999
4184,19111.0000000,6,3,119.511799669000000,42.794637380899999
4185,19112.0000000,6,3,119.467854356999990,42.789598615999999
4186,19113.0000000,6,3,119.453091478000000,42.843743839299997
4187,19114.0000000,6,3,118.469323424000000,42.867621568700002
4188,19115.0000000,6,3,118.447865750999990,42.880704976899999
4189,19116.0000000,6,3,118.379029539000000,42.810097181899998
4190,19117.0000000,6,3,118.331307677000000,42.822059614499999
4191,19118.0000000,6,3,118.557557371000000,42.795487284200000
4192,19119.0000000,6,3,118.231572417000000,42.745586125099997
4193,19120.0000000,6,3,118.268307951000000,42.713431524199997
4194,19121.0000000,6,3,118.253030089000010,42.690093243600003
4195,19122.0000000,6,3,118.289593962000000,42.736887113300000
4196,19123.0000000,6,3,118.242043760000000,42.700438861199999
4197,19124.0000000,6,3,118.212346342000000,42.704349560399997
4198,19125.0000000,6,3,118.207883146000000,42.691859690599998
4199,19126.0000000,6,3,118.161191251999990,42.723647145000001
4200,19127.0000000,6,3,118.190373686000000,42.683279334700003
4201,19128.0000000,6,3,118.276547697000000,42.675202622900002
4202,19129.0000000,6,3,118.141278532000000,42.672678435199998
4203,19130.0000000,6,3,118.053559569000000,42.608150667899999
4204,19131.0000000,6,3,118.035878447000000,42.620909994700000
4205,19132.0000000,6,3,118.075875548000000,42.589196348700000
4206,19133.0000000,6,3,118.163422850000000,42.630130454800003
4207,19134.0000000,6,3,117.876540899999990,42.728528417699998
4208,19135.0000000,6,3,117.883407355000000,42.709358488800000
4209,19136.0000000,6,3,117.887812599000000,42.568928657100003
4210,19137.0000000,6,3,117.872019753000000,42.523146948799997
4211,19138.0000000,6,3,118.007632241000000,42.551732836699998
4212,19139.0000000,6,3,117.924891457000000,42.476065575900002
4213,19140.0000000,6,3,117.855196938000010,42.462896700999998
4214,19141.0000000,6,3,118.049174294000000,42.503913681800000
4215,19142.0000000,6,3,117.988062844000000,42.509481815100003
4216,19143.0000000,6,3,117.762499793999990,42.479610568900000
4217,19144.0000000,6,3,117.522517189000000,42.506444713000000
4218,19145.0000000,6,3,117.559509606000010,42.893963148099999
4219,19146.0000000,6,3,117.575817435999990,42.852447845199997
4220,19147.0000000,6,3,117.588005394000010,42.871950935199997
4221,19148.0000000,6,3,117.601909965999990,42.901508384499998
4222,19149.0000000,6,3,117.625770897000000,42.882014635600001
4223,19150.0000000,6,3,117.604313225000000,42.936707279799997
4224,19151.0000000,6,3,117.542171807000000,42.847917213599999
4225,19152.0000000,6,3,117.541828484000010,42.956058101000004
4226,19153.0000000,6,3,117.570839256000000,42.946132140899998
4227,19154.0000000,6,3,117.623710961000000,42.956811905999999
4228,19155.0000000,6,3,117.683792443000000,42.970253210800003
4229,19156.0000000,6,3,117.670402855000010,43.000516795099998
4230,19157.0000000,6,3,117.732372612000010,42.999763525699997
4231,19158.0000000,6,3,117.746277183999990,43.020726074800002
4232,19159.0000000,6,3,117.697010369000000,43.052846391599999
4233,19160.0000000,6,3,117.707996697000000,43.017086384999999
4234,19161.0000000,6,3,117.729969353000000,43.077928690100002
4235,19162.0000000,6,3,117.670059532000000,43.071784476099999
4236,19163.0000000,6,3,117.722587914000000,43.097611104000002
4237,19164.0000000,6,3,117.509556145000000,43.174524904000002
4238,19165.0000000,6,3,117.511616081000000,43.192048708199998
4239,19166.0000000,6,3,117.623710961000000,43.207315350099996
4240,19167.0000000,6,3,117.603111595000000,43.271593513100001
4241,19168.0000000,6,3,117.641907067000010,43.274593170999999
4242,19169.0000000,6,3,117.615471214000000,43.302707773400002
4243,19170.0000000,6,3,117.593670220000010,43.308454047600002
4244,19171.0000000,6,3,117.681217522000000,43.333806117800002
4245,19172.0000000,6,3,117.707481713000010,43.315198980799998
4246,19173.0000000,6,3,117.728939385000000,43.263093679400001
4247,19174.0000000,6,3,117.724304527000000,43.294587111900000
4248,19175.0000000,6,3,117.782326072999990,43.271593513100001
4249,19176.0000000,6,3,117.825241417000000,43.270343611999998
4250,19177.0000000,6,3,117.846527428000000,43.292588013600003
4251,19178.0000000,6,3,117.776146263000000,43.095605542300000
4252,19179.0000000,6,3,117.799663872000000,43.111146927199997
4253,19180.0000000,6,3,117.850475640000000,43.088084101000000
4254,19181.0000000,6,3,117.874336571000000,43.112274777400003
4255,19182.0000000,6,3,117.914162010000000,43.084197661099999
4256,19183.0000000,6,3,117.897167534000000,43.054226184699999
4257,19184.0000000,6,3,117.872963279999990,43.039799540700002
4258,19185.0000000,6,3,118.491231838000000,43.004015553099997
4259,19186.0000000,6,3,118.554574886000000,43.008409190199998
4260,19187.0000000,6,3,118.558351436000000,43.043421517500001
4261,19188.0000000,6,3,118.581869045000000,43.082426057900001
4262,19189.0000000,6,3,118.439733425000000,43.062613347499997
4263,19190.0000000,6,3,118.617231289000000,43.099850930999999
4264,19191.0000000,6,3,118.074947036000000,43.341839444599998
4265,19192.0000000,6,3,118.334499038000000,43.420440511800003
4266,19193.0000000,6,3,118.184123672000000,43.418445555399998
4267,19194.0000000,6,3,118.001475967000000,43.406723858900001
4268,19195.0000000,6,3,117.986713088000000,43.296878800000002
4269,19196.0000000,6,3,118.138118422999990,43.307622422999998
4270,19197.0000000,6,3,118.408656753000000,43.399490190999998
4271,19198.0000000,6,3,118.058467544000000,43.846839073100000
4272,19199.0000000,6,3,117.929034865999990,43.774495367400000
4273,19200.0000000,6,3,117.859340347000000,43.730352449000002
4274,19201.0000000,6,3,117.894702589999990,43.686921772300003
4275,19202.0000000,6,3,118.600574171999990,43.609413017700000
4276,19203.0000000,6,3,118.536716140000000,43.618361439899999
4277,19204.0000000,6,3,118.639026321000000,43.663331940900001
4278,19205.0000000,6,3,118.663745559000010,43.690645634799999
4279,19206.0000000,6,3,118.710780775999990,43.718939434200003
4280,19207.0000000,6,3,120.432298605000000,42.076686397499998
4281,19208.0000000,6,3,120.384576741999990,42.016517829000001
4282,19209.0000000,6,3,120.266817038000000,42.033605376099999
4283,19210.0000000,6,3,120.425432150000010,42.180063366799999
4284,19211.0000000,6,3,120.340631430000000,42.181844248799997
4285,19212.0000000,6,3,120.431955282000000,42.285049576799999
4286,19213.0000000,6,3,120.492380087000000,42.239060167399998
4287,19214.0000000,6,3,120.497873251000000,42.313490310399999
4288,19215.0000000,6,3,120.639665548000000,42.167341321999999
4289,19216.0000000,6,3,120.938139017000000,42.373465093400000
4290,19217.0000000,6,3,120.962858255000000,42.382214915799999
4291,19218.0000000,6,3,120.961141641000000,42.336677148299998
4292,19219.0000000,6,3,120.932989175000000,42.404274271299997
4293,19220.0000000,6,3,121.113920267000000,42.381707712999997
4294,19221.0000000,6,3,121.189279611000000,42.351521772799998
4298,19225.0000000,6,3,119.731925899999990,43.935395180999997
4299,19226.0000000,6,3,119.704460080000000,43.958383542400000
4300,19227.0000000,6,3,119.898437435000010,43.951463250800003
4301,19228.0000000,6,3,119.366973812000000,44.129650365200000
4302,19229.0000000,6,3,119.346202786000010,44.151947655599997
4303,19230.0000000,6,3,119.631503994000000,44.096003716699997
4304,19231.0000000,6,3,119.640430386000010,44.146281739000003
4305,19232.0000000,6,3,119.349979336000000,44.238838923199999
4306,19233.0000000,6,3,119.496234829000000,44.224078907200003
4307,19234.0000000,6,3,119.156345302999990,43.951834001100003
4308,19235.0000000,6,3,119.178317959000000,43.975063075300000
4309,19236.0000000,6,3,119.185184414000010,44.042227951299999
4310,19237.0000000,6,3,119.239429409000000,44.167957088000001
4311,19238.0000000,6,3,118.902973110999990,44.072328666099999
4685,19612.0000000,6,3,118.559712155000000,43.065014614200003
4686,19613.0000000,6,3,118.617390377000010,43.099618624999998
4687,19614.0000000,6,3,118.625630122999990,43.056485987499997
4688,19615.0000000,6,3,118.438862545000010,43.126686390800003
4689,19616.0000000,6,3,118.236988766000000,43.018845531200000
4690,19617.0000000,6,3,118.471821530000000,42.987711988299999
4691,19618.0000000,6,3,118.688801510000000,42.994241296500000
4692,19619.0000000,6,3,118.340672238000000,42.923889184200000
4693,19620.0000000,6,3,118.471821530000000,42.869562597700003
4694,19621.0000000,6,3,118.509587033000000,42.890192215600003
4695,19622.0000000,6,3,118.291920407000010,42.782943679100001
4696,19623.0000000,6,3,118.036488277999990,42.950531945599998
4697,19624.0000000,6,3,118.066014034000010,43.012318837599999
4698,19625.0000000,6,3,118.151844723000000,42.928414239200002
4699,19626.0000000,6,3,117.881306393000000,43.025371531200001
4700,19627.0000000,6,3,117.892979366000010,43.061001290599997
4701,19628.0000000,6,3,117.875813229000000,42.990223342800000
4702,19629.0000000,6,3,117.750157101000000,43.022359617399999
4703,19630.0000000,6,3,117.632740719000000,42.882645594499998
4704,19631.0000000,6,3,117.623814327000010,42.961587819300000
4705,19632.0000000,6,3,117.717198116000010,42.980177309299997
4706,19633.0000000,6,3,117.786549312999990,43.011816755500000
4707,19634.0000000,6,3,117.724751217000000,43.078557641700002
4708,19635.0000000,6,3,117.516010983000000,42.957065202000003
4709,19636.0000000,6,3,117.501591426999990,42.807128609800003
4710,19637.0000000,6,3,117.391728146000010,42.691156631200002
4711,19638.0000000,6,3,117.412327511000000,42.782943679100001
4712,19639.0000000,6,3,117.385548336000000,42.582046273600000
4713,19640.0000000,6,3,117.472065670000010,42.584068574299998
4714,19641.0000000,6,3,117.501591426999990,42.535515253900002
4715,19642.0000000,6,3,117.516697628000000,42.510212103599997
4716,19643.0000000,6,3,117.796848995000000,42.472744635500000
4717,19644.0000000,6,3,117.851780636000000,42.445389345700001
4718,19645.0000000,6,3,117.078617794000000,42.431707219499998
4719,19646.0000000,6,3,117.419193965999990,42.485405074299997
4720,19647.0000000,6,3,117.394474728000010,42.367817799100003
4721,19648.0000000,6,3,117.491978390000000,42.672480010199997
4722,19649.0000000,6,3,117.419880612000000,43.180285302599998
4723,19650.0000000,6,3,117.429493648999990,43.148732755600001
4724,19651.0000000,6,3,117.483738644000000,43.194303425599998
5418,20020.0000000,7,3,122.224725838000000,41.258553275099999
5419,20021.0000000,7,3,121.982825407000010,41.284856807799997
5420,20022.0000000,7,3,121.843093046000010,41.291177157500002
5421,20023.0000000,7,3,121.832793362999990,41.307297725300003
5422,20024.0000000,7,3,121.308987503000000,41.726276133100001
5423,20025.0000000,7,3,120.884468918000000,41.747668035200000
5424,20026.0000000,7,3,120.959141617000000,41.750357530499997
5425,20027.0000000,7,3,120.906269913000000,41.768796748699998
5426,20028.0000000,7,3,120.436089401000000,41.816278934300001
5427,20029.0000000,7,3,120.249829483000000,41.421429210600003
5428,20030.0000000,7,3,120.222878646000000,41.425548204199998
5429,20031.0000000,7,3,119.585985912000000,41.199554170699997
5430,20032.0000000,7,3,119.484402775000010,41.054406638800003
5431,20033.0000000,7,3,119.746014714000000,41.109398814199999
5433,20035.0000000,7,3,120.091311573000000,40.362341828399998
5434,20036.0000000,7,3,120.072428822000010,40.364434592899997
5437,20039.0000000,7,3,119.940180064000000,40.240986481400000
5438,20040.0000000,7,3,119.964212657000000,40.309875793700002
5439,20041.0000000,7,3,120.110468150000000,40.167829483100000
5440,20042.0000000,7,3,120.077509166000000,40.125446260700002
5441,20043.0000000,7,3,119.806627513000000,40.065697484399998
5442,20044.0000000,7,3,119.764913797999990,40.055186782900002
5445,20047.0000000,7,3,120.356947324000000,40.580705968499998
5446,20048.0000000,7,3,120.357496082000000,40.338043030199998
5448,20050.0000000,7,3,120.695247255000000,41.042626171899997
5454,20056.0000000,7,3,120.375613771000000,40.778626205499997
5455,20057.0000000,7,3,120.673446260000010,40.732073970599998
5456,20058.0000000,7,3,120.553111634999990,40.837614834400000
5457,20059.0000000,7,3,120.759276949000000,40.959064619000003
5458,20060.0000000,7,3,120.697307192000000,41.040295658700003
5459,20061.0000000,7,3,120.720996462000000,41.044050333800001
5460,20062.0000000,7,3,120.558433138000000,41.106941631700003
5461,20063.0000000,7,3,120.483855334000000,41.588212357099998
5462,20064.0000000,7,3,120.467032519000000,41.578197043800003
5463,20065.0000000,7,3,121.230847528000000,41.067567921100000
5464,20066.0000000,7,3,121.231534173000000,41.033521234900000
5465,20067.0000000,7,3,121.228272606999990,41.024067890300003
5466,20068.0000000,7,3,121.223981073000000,41.049705316900003
5467,20069.0000000,7,3,121.484820535000000,40.862439402699998
5468,20070.0000000,7,3,121.516577889999990,40.844261478900002
5469,20071.0000000,7,3,121.604811837000000,40.852312317600003
5470,20072.0000000,7,3,121.931311776000000,40.859713032099997
5471,20073.0000000,7,3,122.153784921000000,40.969717226500002
5472,20074.0000000,7,3,122.016455819000000,40.809839611900003
5473,20075.0000000,7,3,121.661460092000000,40.892422072199999
5474,20076.0000000,7,3,121.746604135000000,40.899169545100001
5475,20077.0000000,7,3,121.746947457999990,40.890864865399998
5476,20078.0000000,7,3,121.798445871000000,40.971013353600000
5477,20079.0000000,7,3,121.820246866000010,41.056048391200001
5478,20080.0000000,7,3,121.844966103999990,41.082967285999999
5479,20081.0000000,7,3,121.887366464000000,41.042973222199997
5480,20082.0000000,7,3,121.860930612000000,41.057213379200000
5481,20083.0000000,7,3,121.859042337000010,41.001011580099998
5482,20084.0000000,7,3,121.845137765000000,40.981187067599997
5483,20085.0000000,7,3,121.808230569000000,40.934647327400000
5484,20086.0000000,7,3,121.813552071999990,40.898196394400003
5485,20087.0000000,7,3,121.775786569000000,40.991294426600000
5486,20088.0000000,7,3,122.156359842000000,40.837183724200003
5487,20089.0000000,7,3,122.228800943000000,40.863153433599997
5488,20090.0000000,7,3,122.276522805000000,40.865749844699998
5489,20091.0000000,7,3,122.096965005000000,40.802628241100003
5490,20092.0000000,7,3,122.175242592999990,40.748810591100003
5491,20093.0000000,7,3,122.237040689000000,40.726959110400003
5492,20094.0000000,7,3,121.837158105000000,41.299348615100001
5493,20095.0000000,7,3,121.245983401999990,41.550071329200001
5494,20096.0000000,7,3,121.268299381000010,41.550456730000001
5495,20097.0000000,7,3,121.909414991999990,39.115944756700003
5496,20098.0000000,7,3,121.903964285000000,39.069413509199997
5497,20099.0000000,7,3,121.884909871999990,39.061549847999999
5498,20100.0000000,7,3,121.874867681000000,39.070812882500000
5499,20101.0000000,7,3,121.892291310999990,39.067281077499999
5500,20102.0000000,7,3,121.902762655000000,39.075943680599998
5501,20103.0000000,7,3,122.008554315000000,39.152839899400000
5502,20104.0000000,7,3,122.017180299000000,39.153039575000001
5503,20105.0000000,7,3,122.003275728000010,39.156267586200002
5504,20106.0000000,7,3,121.919173890000000,39.109631342199997
5508,20110.0000000,7,3,121.813732909000000,39.146869666199997
5509,20111.0000000,7,3,121.759487914000000,39.128761849599996
5517,20119.0000000,7,3,121.834368387000000,39.278571486300002
5518,20120.0000000,7,3,121.842093148000000,39.276445387999999
5519,20121.0000000,7,3,121.865996060000000,39.329709948199998
5520,20122.0000000,7,3,122.001608547999990,39.283951561999999
5521,20123.0000000,7,3,121.997059521000000,39.291657535699997
5522,20124.0000000,7,3,121.988733945000010,39.307996708399997
5523,20125.0000000,7,3,121.971138653000000,39.314239125100002
5524,20126.0000000,7,3,121.972168622000000,39.318223355199997
5525,20127.0000000,7,3,121.957577404999990,39.317160915999999
5526,20128.0000000,7,3,121.935261426000000,39.305406606100000
5527,20129.0000000,7,3,121.930540738000000,39.307854781000003
5528,20130.0000000,7,3,122.064865764999990,39.374301397600000
5529,20131.0000000,7,3,122.065552411000000,39.384518347200000
5530,20132.0000000,7,3,121.843937573000010,39.379476403100000
5531,20133.0000000,7,3,121.889942821999990,39.384120312199997
5532,20134.0000000,7,3,121.875008282000000,39.396590995799997
5533,20135.0000000,7,3,121.862133679000000,39.393274542199997
5534,20136.0000000,7,3,121.782917990000000,39.375772281700002
5535,20137.0000000,7,3,121.803345694000000,39.374710717100001
5536,20138.0000000,7,3,121.760945334000000,39.379487630900002
5537,20139.0000000,7,3,121.735711111000000,39.384264217700000
5538,20140.0000000,7,3,121.727471365000000,39.376966522700002
5539,20141.0000000,7,3,121.752877248999990,39.365421337999997
5540,20142.0000000,7,3,121.714940084999990,39.359581667199997
5541,20143.0000000,7,3,121.711163533999990,39.326392452199997
5542,20144.0000000,7,3,121.723523153000000,39.310854486300002
5543,20145.0000000,7,3,121.698803915000000,39.327587537399999
5544,20146.0000000,7,3,121.692109121000000,39.344051076500001
5545,20147.0000000,7,3,121.649365438999990,39.324533390200003
5546,20148.0000000,7,3,121.664814963000000,39.343520055100001
5547,20149.0000000,7,3,121.992151632000000,39.411159103000003
5548,20150.0000000,7,3,121.999189748000010,39.394711380200000
5549,20151.0000000,7,3,121.940653219000000,39.406649629500002
5550,20152.0000000,7,3,121.915590657000000,39.401145024000002
5551,20153.0000000,7,3,121.991135635000010,39.424685773800000
5552,20154.0000000,7,3,121.997744598000000,39.429127784199999
5553,20155.0000000,7,3,122.182394929000000,39.476961569799997
5554,20156.0000000,7,3,122.205410597000000,39.459837815199997
5555,20157.0000000,7,3,122.146166494000000,39.344974687600001
5556,20158.0000000,7,3,122.269934346000000,39.454542696099999
5557,20159.0000000,7,3,122.286671330999990,39.455603045799997
5558,20160.0000000,7,3,122.289246250999990,39.456133214600001
5559,20161.0000000,7,3,122.301520040000000,39.459512945900002
5560,20162.0000000,7,3,122.301863362000010,39.462296130699997
5561,20163.0000000,7,3,122.250691171000000,39.545618411000000
5565,20167.0000000,7,3,122.347439025000000,39.509323112200001
5566,20168.0000000,7,3,122.621819052000010,39.609194285800001
5567,20169.0000000,7,3,122.624994787000010,39.609392660300003
5568,20170.0000000,7,3,122.628342184000000,39.613558391799998
5572,20174.0000000,7,3,122.552309022000000,39.695429961300000
5577,20179.0000000,7,3,122.504736970000000,39.874103892599997
5578,20180.0000000,7,3,122.537009309000000,39.912561878900000
5583,20185.0000000,7,3,122.145670816000010,39.589722461800001
5584,20186.0000000,7,3,122.074603006000000,39.562995336999997
5585,20187.0000000,7,3,121.927459455999990,39.894851953299998
5587,20189.0000000,7,3,122.426143589000010,40.053310959800001
5897,20499.0000000,7,3,118.624167997000000,41.389571928499997
5898,20500.0000000,7,3,119.682941705999990,42.720520798400003
5899,20501.0000000,7,3,119.515404558000000,42.852805382299998
5900,20502.0000000,7,3,118.642122188000000,43.247074460800000
5901,20503.0000000,7,3,118.803827205000000,43.241447438300000
5902,20504.0000000,7,3,118.709241787000000,43.246199180300003
5903,20505.0000000,7,3,118.735334316000010,43.201543199699998
5904,20506.0000000,7,3,118.747865596000000,43.181143177599999
5905,20507.0000000,7,3,119.703946275000010,43.398868296300002
5906,20508.0000000,7,3,118.768735093000000,43.498567840900002
5907,20509.0000000,7,3,119.565243882000000,43.360939382600002
5908,20510.0000000,7,3,119.653134507000000,43.439764986000000
5909,20511.0000000,7,3,118.731723464000000,43.518112851100000
5910,20512.0000000,7,3,119.022292435000000,43.775239070100000
5911,20513.0000000,7,3,119.956466719000010,43.656942100899997
5912,20514.0000000,7,3,120.291536276000000,42.223553416999998
5913,20515.0000000,7,3,120.492809241000000,42.498105182099998
5914,20516.0000000,7,3,120.412735987000000,42.610489224200002
5915,20517.0000000,7,3,120.800433207000000,42.295525696100000
5916,20518.0000000,7,3,120.722842265000000,42.426623411199998
5917,20519.0000000,7,3,121.127224023000000,42.538997271900001
5918,20520.0000000,7,3,121.014221382000000,42.494357835599999
5922,20524.0000000,7,3,119.867881710000010,44.176119241700000
5954,20556.0000000,7,3,121.083978312000000,43.946184359400000
5955,20557.0000000,7,3,120.940999851000000,43.382144265000001
5956,20558.0000000,7,3,121.024786066999990,43.976089435900001
5957,20559.0000000,7,3,120.543207415000000,43.917085807299998
5958,20560.0000000,7,3,120.560716875000000,43.984810323399998
5959,20561.0000000,7,3,120.495142229000000,43.998642332099998
6065,20667.0000000,7,3,119.570454342000000,43.358275956900002
6066,20668.0000000,7,3,119.701603633999990,43.388722117000000
6067,20669.0000000,7,3,119.652851803000000,43.442090753700001
6068,20670.0000000,7,3,116.563633663000000,43.247342870600001
6069,20671.0000000,7,3,116.650837643000000,43.344794907699999
6070,20672.0000000,7,3,116.686543209000010,43.265845775000003
6071,20673.0000000,7,3,116.917256100000000,43.259845449099998
6072,20674.0000000,7,3,116.915882809000000,43.293839476300001
6073,20675.0000000,7,3,116.940602047000000,43.271845509499997
6480,21082.0000000,8,3,122.159293301999990,41.229624460899998
6481,21083.0000000,8,3,122.170107969000000,41.257246472500000
6482,21084.0000000,8,3,122.200663694000000,41.260085456699997
6483,21085.0000000,8,3,122.170279631000000,41.270666037799998
6484,21086.0000000,8,3,122.162039884000000,41.288468511200001
6485,21087.0000000,8,3,122.128565916000000,41.265634024000001
6486,21088.0000000,8,3,122.139723905000000,41.256214084000000
6487,21089.0000000,8,3,122.107966551000000,41.222006993400001
6488,21090.0000000,8,3,122.126334318000000,41.217616863300002
6489,21091.0000000,8,3,122.104018339000010,41.211805943900004
6490,21092.0000000,8,3,122.066767820000000,41.246405579600001
6491,21093.0000000,8,3,122.035353787999990,41.251955309000003
6492,21094.0000000,8,3,122.013037809000000,41.254923575500001
6493,21095.0000000,8,3,122.027285703999990,41.277116770299997
6494,21096.0000000,8,3,122.106078276000010,41.291951035799997
6495,21097.0000000,8,3,122.061961302000000,41.213484706999999
6496,21098.0000000,8,3,122.055438169000000,41.235304706500003
6497,21099.0000000,8,3,122.044280180000000,41.188298737700002
6498,21100.0000000,8,3,121.994498381000000,41.203024019600001
6499,21101.0000000,8,3,122.033808836000010,41.198374288499998
6500,21102.0000000,8,3,122.067797789000000,41.151341784899998
6501,21103.0000000,8,3,122.100070127000000,41.156511843399997
6502,21104.0000000,8,3,122.133200773000000,41.158450510199998
6503,21105.0000000,8,3,122.165129789000010,41.155348615800001
6504,21106.0000000,8,3,122.136290677999990,41.146817649299997
6505,21107.0000000,8,3,122.067282804000000,41.112812015999999
6506,21108.0000000,8,3,122.056811460000010,41.141000444800000
6507,21109.0000000,8,3,122.024882444000000,41.149919947299999
6508,21110.0000000,8,3,121.999991545000000,41.139061261899997
6509,21111.0000000,8,3,121.982825407000010,41.142293201500003
6510,21112.0000000,8,3,121.952613005000000,41.174086992100001
6511,21113.0000000,8,3,121.970294126000000,41.191786603799997
6512,21114.0000000,8,3,121.929438719000000,41.156641089600001
6513,21115.0000000,8,3,122.012866148000000,41.132984784400001
6514,21116.0000000,8,3,122.015269407000010,41.108285222699998
6515,21117.0000000,8,3,122.065909512999990,41.078271159099998
6516,21118.0000000,8,3,122.113459715000000,41.097290282400003
6517,21119.0000000,8,3,122.155516752000000,41.111260007699997
6518,21120.0000000,8,3,122.185900816000000,41.117467820599998
6519,21121.0000000,8,3,122.215941556999990,41.122769862600002
6520,21122.0000000,8,3,122.178004392999990,41.134794857899998
6526,21128.0000000,8,3,121.882746823999990,41.333984622400003
6527,21129.0000000,8,3,121.831763395000000,41.330762147400002
6528,21130.0000000,8,3,121.810477384000000,41.342233432000000
6529,21131.0000000,8,3,121.864894041000000,41.314905248999999
6530,21132.0000000,8,3,121.844637998000000,41.310005589699998
6540,21142.0000000,8,3,121.512062912000000,41.833420187400002
6541,21143.0000000,8,3,121.477730636999990,41.833164381600000
6542,21144.0000000,8,3,121.410954360999990,41.779806532499997
6543,21145.0000000,8,3,121.408894424000000,41.787358663299997
6544,21146.0000000,8,3,120.763275986000000,41.799644974800003
6545,21147.0000000,8,3,120.743706589000000,41.800668727800002
6546,21148.0000000,8,3,120.724137192000000,41.794653944799997
6547,21149.0000000,8,3,120.743706589000000,41.822035837100003
6548,21150.0000000,8,3,120.779068831999990,41.806938858000002
6549,21151.0000000,8,3,120.617535477000000,41.915353289700001
6550,21152.0000000,8,3,120.611527327999990,41.944598775700001
6552,21154.0000000,8,3,120.369820785000000,41.541673322699999
6553,21155.0000000,8,3,118.947434281000000,42.265816358099997
6554,21156.0000000,8,3,119.333224943999990,41.594015118400002
6555,21157.0000000,8,3,119.326015166000000,41.583358702799998
6556,21158.0000000,8,3,119.349704436000000,41.604669775100000
6557,21159.0000000,8,3,119.293227843000000,41.633159127399999
6558,21160.0000000,8,3,119.636111034000000,41.400735796100001
6559,21161.0000000,8,3,119.639887583999990,41.438838656700000
6560,21162.0000000,8,3,119.735715031000000,41.069550251199999
6561,21163.0000000,8,3,119.715973973000000,41.055183319199998
6562,21164.0000000,8,3,119.738976597000000,41.106423944800000
6565,21167.0000000,8,3,119.849199533999990,39.999452999200003
6566,21168.0000000,8,3,119.861730815000000,40.014968389099998
6567,21169.0000000,8,3,119.878381968000000,40.011550046799996
6568,21170.0000000,8,3,119.750837565000000,40.004055389500003
6569,21171.0000000,8,3,119.759935618000000,39.988142951199997
6570,21172.0000000,8,3,119.823965312000000,39.985643967000001
6571,21173.0000000,8,3,120.338993625000000,40.321550319600000
6572,21174.0000000,8,3,120.326119021000000,40.330318638100003
6573,21175.0000000,8,3,120.420932375000010,40.724919202499997
6574,21176.0000000,8,3,120.407714449000000,40.724659014600000
6575,21177.0000000,8,3,120.545730195999990,40.796042400600001
6576,21178.0000000,8,3,120.534057222000000,40.809946082300002
6577,21179.0000000,8,3,120.702972016999990,40.614899268300000
6578,21180.0000000,8,3,120.727519594000000,40.605516397300001
6579,21181.0000000,8,3,120.718764863999990,40.640434853099997
6583,21185.0000000,8,3,120.795669161000010,40.717113123600001
6589,21191.0000000,8,3,120.681171022000000,40.793313298699999
6590,21192.0000000,8,3,120.739192568000010,40.796172355000003
6591,21193.0000000,8,3,120.764083467000010,40.825535531400000
6592,21194.0000000,8,3,120.736274323999990,40.852548563799999
6593,21195.0000000,8,3,120.747432313999990,41.098792450500000
6594,21196.0000000,8,3,120.453299609000000,41.577940220400002
6595,21197.0000000,8,3,120.438880053000010,41.565868371900002
6600,21202.0000000,8,3,121.235654045999990,40.957856480499998
6601,21203.0000000,8,3,121.247155359000000,41.000234260600003
6602,21204.0000000,8,3,121.221749475000000,40.995181459900003
6606,21208.0000000,8,3,121.658026864000010,41.053135830999999
6607,21209.0000000,8,3,121.676566292999990,41.046533550400000
6608,21210.0000000,8,3,121.698710611000000,41.039542178200001
6609,21211.0000000,8,3,121.872088601000000,41.133087275299999
6610,21212.0000000,8,3,121.837584664999990,41.139551583900001
6611,21213.0000000,8,3,121.825482538000000,41.136125579700000
6612,21214.0000000,8,3,121.821620157000000,41.125005993800002
6613,21215.0000000,8,3,121.797158409999990,41.131471098600002
6614,21216.0000000,8,3,121.806084802000000,41.134574122700002
6615,21217.0000000,8,3,121.858269861000000,41.137806283300002
6616,21218.0000000,8,3,121.875264337000000,41.123648240800001
6617,21219.0000000,8,3,121.891143013999990,41.139745503299999
6618,21220.0000000,8,3,121.913544824000000,41.122419773499999
6619,21221.0000000,8,3,121.921183755000000,41.111491867700003
6620,21222.0000000,8,3,121.968733957000000,41.094611468600000
6621,21223.0000000,8,3,122.022292306000000,41.089824665499997
6622,21224.0000000,8,3,121.926505258000010,41.066920809999999
6623,21225.0000000,8,3,121.908995797000000,41.078567835599998
6624,21226.0000000,8,3,121.232078831000000,41.524244241600002
6625,21227.0000000,8,3,121.241520206999990,41.534010920100002
6626,21228.0000000,8,3,121.913534865000000,39.093166088700002
6627,21229.0000000,8,3,121.915251479000010,39.087570202300000
6628,21230.0000000,8,3,121.893793806000010,39.078775769300002
6629,21231.0000000,8,3,121.864268050000010,39.064249229700003
6630,21232.0000000,8,3,121.851736769000000,39.076643620500001
6631,21233.0000000,8,3,121.845385298000000,39.066648313899996
6632,21234.0000000,8,3,121.854826673999990,39.068380935100002
6633,21235.0000000,8,3,121.837488875000010,39.074911202099997
6634,21236.0000000,8,3,121.903406844000000,39.100360147499998
6635,21237.0000000,8,3,121.821973394000000,39.063328120300000
6636,21238.0000000,8,3,121.814935277999990,39.067459879600001
6637,21239.0000000,8,3,121.812188696000010,39.055063875999998
6638,21240.0000000,8,3,121.792790960000000,39.040399126799997
6639,21241.0000000,8,3,121.758458684999990,39.041999065600002
6640,21242.0000000,8,3,121.795022558000000,39.060928923200002
6641,21243.0000000,8,3,121.823345946000000,39.148067813300003
6643,21245.0000000,8,3,121.742836760000000,39.140079780800001
6645,21247.0000000,8,3,121.799828336999990,39.271500581799998
6647,21249.0000000,8,3,122.025211987000010,39.278171525300003
6648,21250.0000000,8,3,122.030619321000000,39.281227696000002
6649,21251.0000000,8,3,122.031048474000000,39.270862750200003
6650,21252.0000000,8,3,121.934574780000010,39.280098257200002
6651,21253.0000000,8,3,121.943930325000000,39.303679817999999
6652,21254.0000000,8,3,121.935347256000000,39.288203238500003
6654,21256.0000000,8,3,121.799054158999990,39.345378612300003
6655,21257.0000000,8,3,121.838364615000000,39.346042370699998
6656,21258.0000000,8,3,121.857075705000000,39.335687020899996
6657,21259.0000000,8,3,121.796994223000000,39.304213277400002
6658,21260.0000000,8,3,121.966230764000000,39.355871449900000
6659,21261.0000000,8,3,121.991894140000000,39.350163724100000
6660,21262.0000000,8,3,121.967947377000000,39.396303264799997
6661,21263.0000000,8,3,121.954214467000000,39.404394783400001
6662,21264.0000000,8,3,121.967174901000010,39.405787491100000
6663,21265.0000000,8,3,122.147032685000000,39.494648341999998
6664,21266.0000000,8,3,122.156216568999990,39.506370801199999
6675,21277.0000000,8,3,122.079062566999990,40.037926681999998
6676,21278.0000000,8,3,122.083354102000000,40.031683605399998
6677,21279.0000000,8,3,122.109103308000000,40.024388339300003
6678,21280.0000000,8,3,122.133565054000000,40.021364847299999
6679,21281.0000000,8,3,122.143521414000010,40.018867078800000
6680,21282.0000000,8,3,122.123952016999990,40.019984512900002
6681,21283.0000000,8,3,122.513047738000000,40.073348984200003
6682,21284.0000000,8,3,122.494508309000000,40.061000130300002
6683,21285.0000000,8,3,122.492105050000010,40.045889445400000
6902,21504.0000000,8,3,119.012463954000000,42.276080169399997
6903,21505.0000000,8,3,119.027570155000010,42.300208267999999
6904,21506.0000000,8,3,119.309781459000010,42.298430723499997
6905,21507.0000000,8,3,119.031346705000000,42.275064046700003
6906,21508.0000000,8,3,118.954730441000000,42.264602169000000
6907,21509.0000000,8,3,118.885379245000000,42.254438354400001
6908,21510.0000000,8,3,118.917994906000000,42.288226705400000
6909,21511.0000000,8,3,118.897395540999990,42.336718140700000
6910,21512.0000000,8,3,118.806895630000000,42.097759969800002
6911,21513.0000000,8,3,118.797540084999990,42.107153039700002
6912,21514.0000000,8,3,118.813504593000000,42.107025685399996
6913,21515.0000000,8,3,118.832988159000000,42.097409692900001
6914,21516.0000000,8,3,118.818568604000010,42.092314536300002
6915,21517.0000000,8,3,118.807496445000000,42.084671034000003
6916,21518.0000000,8,3,118.809213059000000,42.077154025299997
6917,21519.0000000,8,3,118.790759460999990,42.083460728299997
6918,21520.0000000,8,3,118.821916001000010,42.080721530200002
6919,21521.0000000,8,3,118.791703598000000,42.095499057100000
6920,21522.0000000,8,3,118.786210434000000,42.110591510600003
6921,21523.0000000,8,3,118.795823471000010,42.120078175700002
6922,21524.0000000,8,3,118.835305588000000,42.117404225900003
6923,21525.0000000,8,3,118.816594498000000,42.114220805199999
6924,21526.0000000,8,3,118.783721344000000,42.073076631100001
6925,21527.0000000,8,3,118.784407990000010,42.053195583600001
6926,21528.0000000,8,3,118.785094634999990,42.044272577299999
6927,21529.0000000,8,3,118.799514191000000,42.051984677699998
6928,21530.0000000,8,3,119.481732519000000,42.578866070399997
6929,21531.0000000,8,3,119.473235281000000,42.580130080499998
6930,21532.0000000,8,3,119.492289693999990,42.578739667999997
6931,21533.0000000,8,3,119.517824324000000,42.527810262000003
6932,21534.0000000,8,3,119.544603498000000,42.529581317199998
6933,21535.0000000,8,3,119.571382673000000,42.530972825399999
6934,21536.0000000,8,3,119.536707075000000,42.554370817500001
6935,21537.0000000,8,3,119.522287519000000,42.553485647700001
6936,21538.0000000,8,3,119.450361402000000,42.543495003700002
6937,21539.0000000,8,3,119.436971815000010,42.543874424499997
6938,21540.0000000,8,3,119.423582228000000,42.554117913100001
6939,21541.0000000,8,3,119.406587751000000,42.559175805999999
6940,21542.0000000,8,3,119.433366926000010,42.574220613199998
6941,21543.0000000,8,3,119.437143476000000,42.589514553900003
6942,21544.0000000,8,3,119.222550248999990,42.734901646399997
6943,21545.0000000,8,3,117.541485161000000,43.272343441399997
6944,21546.0000000,8,3,117.533932060000000,43.249591504100003
6945,21547.0000000,8,3,118.050227797999990,43.600463263899996
6946,21548.0000000,8,3,118.679195083000000,43.523838723899999
6947,21549.0000000,8,3,121.068601663000000,42.374225995899998
6948,21550.0000000,8,3,121.079587991000000,42.496357926400002
6949,21551.0000000,8,3,121.112583351000000,42.509797891500000
6950,21552.0000000,8,3,121.110180091999990,42.548887203299998
6951,21553.0000000,8,3,121.087177467999990,42.569497275800003
6952,21554.0000000,8,3,121.001861762999990,42.498281489800000
6953,21555.0000000,8,3,121.513241005000000,42.527511290200003
6966,21568.0000000,8,3,119.851573880000000,43.900313640000000
6967,21569.0000000,8,3,119.951137478000010,43.912186709700002
6968,21570.0000000,8,3,119.988902981000000,43.904642637599999
6969,21571.0000000,8,3,119.947360927999990,43.890541316700002
6970,21572.0000000,8,3,120.018772061000010,43.924675612100003
6971,21573.0000000,8,3,119.298824246000000,44.134948274199999
6972,21574.0000000,8,3,119.265521939000000,44.137781844300001
6973,21575.0000000,8,3,119.387916500000000,44.088976174899997
6974,21576.0000000,8,3,119.400276120000000,44.068875262900001
6975,21577.0000000,8,3,119.293674404000000,44.148129380299999
7011,21613.0000000,8,3,121.517395931000000,43.877520637499998
7012,21614.0000000,8,3,121.298211710999990,43.595630797900000
7169,22145.0000000,10,3,117.338856441999990,42.995245743900000
7170,22146.0000000,10,3,117.385548336000000,43.011816755500000
7171,22147.0000000,10,3,117.577809078000000,43.187795411700002
7172,22148.0000000,10,3,116.977680905000000,43.075046773799997
7173,22149.0000000,10,3,117.036045773000000,43.155244932999999
7174,22150.0000000,10,3,116.948155148000000,43.136207386999999
7175,22151.0000000,10,3,116.999653561000000,42.901258923000000
7176,22152.0000000,10,3,117.164448483000000,42.853960014899997
7177,22153.0000000,10,3,117.166508419000000,42.818210210799997
7178,22154.0000000,10,3,116.826618893000000,42.871072315799999
7179,22155.0000000,10,3,116.923435909000010,42.935955259000004
7180,22156.0000000,10,3,116.724308712000000,43.013825059200002
7181,22157.0000000,10,3,116.711262448000000,42.879123522100002
7182,22158.0000000,10,3,116.700276118999990,42.820224834100003
7183,22159.0000000,10,3,116.914509518000000,42.804609787200000
7184,22160.0000000,10,3,116.811512691999990,42.779919898199999
7185,22161.0000000,10,3,116.622685176999990,42.812669658499999
7186,22162.0000000,10,3,116.562260372000000,42.987711988299999
7187,22163.0000000,10,3,116.664570553000000,43.120672366299999
7188,22164.0000000,10,3,116.991413815000000,43.234837725399998
7404,22053.0000000,10,3,121.492375118000000,43.174276550099997
7405,22054.0000000,10,3,121.383885128000000,43.210320195599998
7406,22055.0000000,10,3,121.446369868999990,43.067522808000000
7408,22057.0000000,10,3,121.131199581000000,43.029387186400001
7409,22058.0000000,10,3,121.250675900000000,43.148231790099999
7410,22059.0000000,10,3,121.125706417000000,43.080563761699999
7411,22060.0000000,10,3,121.514347775000000,42.949526767700000
7413,22062.0000000,10,3,121.325520260000000,42.849932901899997
7414,22063.0000000,10,3,121.488941891000000,42.862013453300001
7421,22070.0000000,10,3,121.143559200000000,42.808639854100001
7422,22071.0000000,10,3,120.973271115000000,42.806121093000002
7423,22072.0000000,10,3,120.988377316000000,42.978167905500001
7424,22073.0000000,10,3,121.125019772000000,43.019347555899998
7425,22074.0000000,10,3,120.864094479000000,42.785967312300002
7426,22075.0000000,10,3,120.790623409000010,42.917352406699997
7427,22076.0000000,10,3,120.782383663000000,42.973646507100000
7428,22077.0000000,10,3,120.866841061000000,42.980679649899997
7429,22078.0000000,10,3,120.612095577000010,42.810654789099999
7430,22079.0000000,10,3,120.634068234000000,42.916346687100003
7431,22080.0000000,10,3,120.653980953000000,42.965607644599999
7432,22081.0000000,10,3,120.514591915000000,42.783447628300003
7433,22082.0000000,10,3,120.412968380000000,42.806121093000002
7434,22083.0000000,10,3,120.323017819000000,42.821735758400003
7435,22084.0000000,10,3,120.325077755000000,42.933944410599999
7436,22085.0000000,10,3,120.358036740000000,42.984698227499997
7437,22086.0000000,10,3,120.401982051999990,43.017841469700002
7438,22087.0000000,10,3,120.564030392000010,42.949526767700000
7439,22088.0000000,10,3,120.419834835000000,42.917352406699997
7440,22089.0000000,10,3,120.464466793000000,43.050465066100003
7441,22090.0000000,10,3,120.548924191000000,43.157749431900001
7442,22091.0000000,10,3,120.596989376000000,43.049461521700003
7443,22092.0000000,10,3,120.703419430000000,43.053475600699997
7444,22093.0000000,10,3,120.610035641000000,43.103629419800001
7445,22094.0000000,10,3,120.796803219000000,43.176279533299997
7446,22095.0000000,10,3,120.701359493000000,43.181286703799998
7447,22096.0000000,10,3,120.973271115000000,43.281843752800000
7448,22097.0000000,10,3,121.069401486000000,43.293839476300001
7449,22098.0000000,10,3,120.866841061000000,43.290340968000002
7450,22099.0000000,10,3,120.774143917000000,43.310329733300001
7451,22100.0000000,10,3,120.618962033000000,43.236338478400000
7452,22101.0000000,10,3,120.417088253000000,43.196806323099999
7453,22102.0000000,10,3,120.337437374000000,43.244842046899997
7454,22103.0000000,10,3,120.455540402000000,43.250843851299997
7455,22104.0000000,10,3,120.307911617000000,43.196806323099999
7456,22105.0000000,10,3,120.261219723000000,43.092599101899999
7457,22106.0000000,10,3,120.226887448000000,43.066017904100001
7458,22107.0000000,10,3,120.139683468000000,43.130194298699998
7459,22108.0000000,10,3,120.115650875000000,43.211821552200000
7460,22109.0000000,10,3,120.084065182000000,43.102125402500000
7461,22110.0000000,10,3,120.063465816999990,43.029387186400001
7462,22111.0000000,10,3,119.934376461000000,43.083572818400000
7463,22112.0000000,10,3,119.911717159000010,43.146728869000000
7464,22113.0000000,10,3,119.896610958000000,43.103629419800001
7465,22114.0000000,10,3,120.018147213000010,43.173775794000001
7466,22115.0000000,10,3,120.147236569000000,43.007799951000003
7467,22116.0000000,10,3,119.765461665999990,43.172273501200003
7468,22117.0000000,10,3,119.742115719000000,42.968119901999998
7469,22118.0000000,10,3,119.780567867000000,43.128690934200002
7470,22119.0000000,10,3,119.387806637000000,43.041934415599997
7471,22120.0000000,10,3,119.386433346000000,43.147730820500001
7472,22121.0000000,10,3,119.375447018000000,42.921877941900000
7473,22122.0000000,10,3,119.319142086000000,43.049461521700003
7474,22123.0000000,10,3,119.656971676000000,43.181787398300003
7475,22124.0000000,10,3,119.492176754000000,43.028383297200001
7476,22125.0000000,10,3,119.181126339000000,43.115158991199998
7477,22126.0000000,10,3,119.159153683000000,43.048959743399998
7478,22127.0000000,10,3,119.111088497000000,43.024367576400003
7479,22128.0000000,10,3,119.233311398000000,42.991730106200002
7480,22129.0000000,10,3,118.987492305999990,43.160253828099997
7481,22130.0000000,10,3,118.995732051999990,43.043941734199997
7482,22131.0000000,10,3,119.079502804000000,43.238339424800003
7483,22132.0000000,10,3,118.943546993000000,43.271345554200003
7484,22133.0000000,10,3,119.216831906000000,43.198308012299997
7485,22134.0000000,10,3,119.365833980999990,43.291840353300003
7486,22135.0000000,10,3,119.308842404000000,43.355779692200002
7487,22136.0000000,10,3,118.789051754000000,43.192801637800002
7488,22137.0000000,10,3,118.963459713000010,43.210320195599998
7489,22138.0000000,10,3,118.533619625000000,43.177781727499998
7490,22139.0000000,10,3,118.441609127000010,43.220828915699997
7491,22140.0000000,10,3,117.872380001000000,43.187795411700002
7492,22141.0000000,10,3,117.980183346000000,43.207317371499997
7493,22142.0000000,10,3,117.665699703000000,43.137209511000002
7494,22143.0000000,10,3,117.598408444000000,43.086080252800002
7495,22144.0000000,10,3,117.303150875000000,43.071535704699997
7783,13240.0000000,9,3,121.756422486000010,39.905088218000003
7808,13265.0000000,9,3,121.532295418000000,42.534974718500003
7819,13276.0000000,9,3,119.745658809999990,43.879530069499999
7820,13277.0000000,9,3,119.742568905000000,43.879653802599996
7821,13278.0000000,9,3,119.721626216999990,43.884231749900003
7822,13279.0000000,9,3,119.862302716000000,43.904086069900004
7823,13280.0000000,9,3,119.929679806000000,43.911753879000003
7824,13281.0000000,9,3,119.349121029000000,44.063818130400001
7825,13282.0000000,9,3,119.366630490000010,44.031491618799997
7826,13283.0000000,9,3,118.941425259000000,44.146897625900003
7827,13284.0000000,9,3,118.940738612999990,44.148006205999998
7828,13285.0000000,9,3,118.773112704000000,42.234296458599999
7829,13286.0000000,9,3,118.762555529000000,42.223619282199998
7830,13287.0000000,9,3,118.808998482000010,42.089575720500001
7831,13288.0000000,9,3,119.526922377000010,42.529960822500001
7832,13289.0000000,9,3,119.500400694000010,42.550830062899998
7833,13290.0000000,9,3,119.811365278000000,42.376579818600000
7834,13291.0000000,9,3,119.581040079999990,42.622965843999999
7835,13292.0000000,9,3,119.584773715000000,42.625334164999998
7836,13293.0000000,9,3,119.601446326000000,42.648996637099998
7837,13294.0000000,9,3,119.652944740000000,42.737189781700003
7838,13295.0000000,9,3,119.643166881000000,42.706101047799997
7839,13296.0000000,9,3,119.720883226000000,42.808302965099998
7840,13297.0000000,9,3,119.719853258000000,42.803517205299997
7841,13298.0000000,9,3,119.729294634000000,42.826309216600002
7842,13299.0000000,9,3,119.730152941000000,42.823791175200000
7843,13300.0000000,9,3,119.725861406000010,42.835625078299998
7844,13301.0000000,9,3,119.334816790000000,42.763138370199997
7845,13302.0000000,9,3,119.339794970000000,42.760239656300001
7846,13303.0000000,9,3,119.161267138000000,42.803958014499997
7847,13304.0000000,9,3,119.151139116000000,42.818062248700002
7848,13305.0000000,9,3,119.138951159000000,42.830400815300003
7849,13306.0000000,9,3,119.214151136000000,43.476774640700000
7850,13307.0000000,9,3,119.245565168000000,43.471916346000000
7851,13308.0000000,9,3,119.254663221000000,43.461575598099998
7852,13309.0000000,9,3,119.256551496000000,43.456093038500001
7853,13310.0000000,9,3,119.393740576000000,43.482046605599997
7854,13311.0000000,9,3,120.365007345000000,42.419711829599997
7855,13312.0000000,9,3,120.361745779000000,42.423766880300001
7856,13313.0000000,9,3,120.354450171000000,42.421422586100000
7857,13314.0000000,9,3,120.360629980000000,42.418064390399998
7858,13315.0000000,9,3,120.482488100000000,42.501229699100001
7859,13316.0000000,9,3,120.423035670000000,42.618763824399998
7860,13317.0000000,9,3,120.426726390000000,42.625332189700003
7861,13318.0000000,9,3,120.419859935000010,42.611499921399997
7862,13319.0000000,9,3,120.404152919000000,42.591661993000002
7863,13320.0000000,9,3,120.403208781000000,42.593747167799997
7864,13321.0000000,9,3,120.405011225000000,42.587365049100001
7865,13322.0000000,9,3,120.568604518000000,42.523919092600003
7866,13323.0000000,9,3,120.621562053000010,42.439324847899996
7867,13324.0000000,9,3,120.688543374000010,42.340166584499997
7868,13325.0000000,9,3,121.095080430000000,42.532324932999998
7869,13326.0000000,9,3,121.495559883000000,42.526625739499998
7880,13337.0000000,9,3,120.944105220000000,44.004989031500003